Title,Link,Summary,Sentiment,Category
"My favorite use-case for AI is writing logs","https://newsletter.vickiboykis.com/archive/my-favorite-use-case-for-ai-is-writing-logs/","The author praises an AI feature in PyCharm that improves logging by auto-completing print statements, helping developers focus more on coding rather than debugging. The integration enhances productivity by making logs more concise without extra cognitive overhead.",Positive,AI, Development Tools
"NIH Is Far Cheaper Than the Wrong Dependency","https://lewiscampbell.tech/blog/250718.html","This article discusses the often-unacknowledged costs of software dependencies, highlighting that they can create complexity and risk. It presents a framework for evaluating dependencies based on stability, availability, and ergonomics, challenging the notion that using existing libraries is always the best choice.",Neutral,Software Development, Best Practices
"ChatGPT agent: bridging research and action","https://openai.com/index/introducing-chatgpt-agent/","Error: Access denied (403)",N/A,N/A
"Mistral Releases Deep Research, Voice, Projects in Le Chat","https://mistral.ai/news/le-chat-dives-deep","Mistral announced updates for its AI assistant, Le Chat, including new features for deep research, voice interaction, multilingual capabilities, and project organization, enhancing user experience and productivity.",Positive,AI Tools, Product Updates
"USB-C hubs and my slow descent into madness (2021)","https://overengineer.dev/blog/2021/04/25/usb-c-hub-madness/","The author shares frustration with multiple USB-C hubs that have failed over time, detailing specific issues with reliability and performance. Despite the convenience of these hubs, the author highlights the ongoing challenges of compatibility and durability.",Negative,Hardware, Technology Reviews
"Fully Homomorphic Encryption and the Dawn of a Truly Private Internet","https://bozmen.io/fhe","The article describes Fully Homomorphic Encryption (FHE), its potential to enable secure computations on encrypted data, and its implications for future internet privacy. It discusses the challenges and advancements in making FHE practical for regular use.",Positive,Cryptography, Cybersecurity
"Perfume reviews","https://gwern.net/blog/2025/perfume","Error: Could not fetch content.",N/A,N/A
"My experience with Claude Code after two weeks of adventures","https://sankalp.bearblog.dev/my-claude-code-experience-after-2-weeks-of-usage/","The author recounts their experiences with Claude Code, focusing on its API usage limitations and how it has helped with coding tasks. They describe a shift in workflow after subscription changes, reflecting on trust issues and productivity tools.",Mixed,AI Tools, User Experience
"Hand: open-source Robot Hand","https://github.com/pollen-robotics/AmazingHand","This project presents an open-source robotic hand designed for affordability and versatility, featuring an effective mechanical design that allows for explorative humanoid hand functions. It invites collaboration and usage among robotics enthusiasts.",Positive,Robotics, Open Source
"Mammals Evolved into Ant Eaters 12 Times Since Dinosaur Age, Study Finds","https://news.njit.edu/mammals-evolved-ant-eaters-12-times-dinosaur-age-study-finds","A groundbreaking study reveals that mammals have evolved to specialize in eating ants and termites at least twelve times since dinosaurs' extinction, pointing to the ecological significance of these insects in shaping evolutionary pathways.",Neutral,Biology, Evolution